{
  "accuracy": 0.96,
  "precision": 0.927461139896373,
  "recall": 0.988950276243094,
  "f1_score": 0.9572192513368984,
  "roc_auc": 0.9941850198037285,
  "true_negatives": 205,
  "false_positives": 14,
  "false_negatives": 2,
  "true_positives": 179,
  "specificity": 0.9360730593607306
}