Model,Accuracy,Precision,Recall,F1-Score
Baseline (no context),0.96,0.927461139896373,0.988950276243094,0.9572192513368984
Post-hoc adjustment,0.965,0.9282051282051282,1.0,0.9627659574468085
Context-aware v1 (feature mod),0.96,0.927461139896373,0.988950276243094,0.9572192513368984
Context-aware v2 (word-level),0.995,0.9890710382513661,1.0,0.9945054945054945
