Model,Accuracy,Precision,Recall,F1-Score,Mean F1
Linear SVM,0.9510 ± 0.0072,0.9066 ± 0.0117,0.9945 ± 0.0110,0.9484 ± 0.0073,0.9484485233799058
Random Forest,0.9510 ± 0.0072,0.9066 ± 0.0117,0.9945 ± 0.0110,0.9484 ± 0.0073,0.9484485233799058
Logistic Regression,0.9475 ± 0.0096,0.9084 ± 0.0122,0.9834 ± 0.0148,0.9444 ± 0.0101,0.9443652294592194
Naive Bayes,0.9475 ± 0.0125,0.9152 ± 0.0150,0.9746 ± 0.0124,0.9439 ± 0.0131,0.9439310938333237
