Context,N,Baseline F1,Context-v2 F1,Improvement
pvp_combat,44,0.7692307692307693,0.9523809523809523,0.18315018315018305
casual,66,0.8787878787878788,0.9830508474576272,0.10426296866974838
all_chat,77,0.9850746268656716,1.0,0.014925373134328401
team_chat,73,0.9863013698630136,1.0,0.013698630136986356
competitive,79,1.0,1.0,0.0
post_game,61,1.0,1.0,0.0
